EX_routine44,Recipe22,335
EX_routine37,Recipe7,305
EX_routine33,Recipe7,130
EX_routine30,Recipe9,159
EX_routine58,Recipe22,318
EX_routine59,Recipe14,155
EX_routine34,Recipe19,239
EX_routine40,Recipe8,279
EX_routine48,Recipe6,283
EX_routine36,Recipe15,254
EX_routine21,Recipe21,146
EX_routine21,Recipe23,220
EX_routine50,Recipe22,302
EX_routine39,Recipe13,145
EX_routine56,Recipe7,310
EX_routine34,Recipe9,301
EX_routine34,Recipe22,333
EX_routine48,Recipe25,140
EX_routine24,Recipe6,321
EX_routine52,Recipe15,185
EX_routine42,Recipe7,109
EX_routine25,Recipe25,260
EX_routine55,Recipe7,204
EX_routine48,Recipe20,266
EX_routine36,Recipe14,242
EX_routine38,Recipe16,109
EX_routine51,Recipe8,147
EX_routine29,Recipe12,239
EX_routine60,Recipe17,145
EX_routine49,Recipe10,242
EX_routine32,Recipe13,184
EX_routine55,Recipe17,346
EX_routine39,Recipe12,305
EX_routine42,Recipe20,207
EX_routine39,Recipe6,170
EX_routine28,Recipe22,221
EX_routine32,Recipe17,128
EX_routine51,Recipe16,118
EX_routine21,Recipe20,348
EX_routine57,Recipe23,334
EX_routine56,Recipe17,172
EX_routine28,Recipe12,294
EX_routine21,Recipe8,301
EX_routine27,Recipe22,211
EX_routine48,Recipe14,225
EX_routine49,Recipe12,335
EX_routine53,Recipe17,252
EX_routine45,Recipe16,314
EX_routine47,Recipe21,348
EX_routine59,Recipe18,138
EX_routine20,Recipe5,339
EX_routine47,Recipe18,325
EX_routine52,Recipe14,197
EX_routine25,Recipe22,138
EX_routine35,Recipe18,100
EX_routine41,Recipe12,107
EX_routine48,Recipe14,118
EX_routine43,Recipe12,178
EX_routine60,Recipe9,101
EX_routine23,Recipe17,298
EX_routine37,Recipe10,333
EX_routine31,Recipe18,287
EX_routine36,Recipe23,111
EX_routine30,Recipe16,168
EX_routine51,Recipe17,153
EX_routine21,Recipe17,157
EX_routine23,Recipe13,153
EX_routine24,Recipe22,133
EX_routine53,Recipe21,326
EX_routine52,Recipe24,270
EX_routine52,Recipe6,120
EX_routine26,Recipe5,320
EX_routine28,Recipe10,277
EX_routine28,Recipe15,231
EX_routine47,Recipe23,109
EX_routine43,Recipe25,287
EX_routine28,Recipe13,155
EX_routine51,Recipe23,134
EX_routine59,Recipe17,303
EX_routine38,Recipe15,213
EX_routine46,Recipe7,230
EX_routine51,Recipe24,299
EX_routine34,Recipe14,234
EX_routine27,Recipe14,233
EX_routine54,Recipe23,110
EX_routine51,Recipe7,139
EX_routine28,Recipe8,146
EX_routine37,Recipe7,308
EX_routine42,Recipe23,112
EX_routine55,Recipe14,310
EX_routine58,Recipe13,245
EX_routine45,Recipe17,200
EX_routine50,Recipe23,125
EX_routine51,Recipe9,160
EX_routine57,Recipe11,315
EX_routine41,Recipe25,192
EX_routine31,Recipe8,337
EX_routine45,Recipe23,276
EX_routine47,Recipe20,319
EX_routine22,Recipe16,324
