EX_routine0,111,338,EX_ID14
EX_routine1,95,289,EX_ID42
EX_routine2,66,244,EX_ID116
EX_routine3,116,166,EX_ID52
EX_routine4,80,218,EX_ID87
EX_routine5,57,274,EX_ID102
EX_routine6,65,220,EX_ID98
EX_routine7,99,207,EX_ID22
EX_routine8,99,56,EX_ID113
EX_routine9,42,111,EX_ID116
EX_routine10,110,285,EX_ID22
EX_routine11,84,124,EX_ID69
EX_routine12,54,258,EX_ID22
EX_routine13,34,282,EX_ID42
EX_routine14,73,78,EX_ID9
EX_routine15,105,166,EX_ID56
EX_routine16,51,367,EX_ID102
EX_routine17,119,363,EX_ID89
EX_routine18,61,71,EX_ID17
EX_routine19,116,289,EX_ID49
EX_routine20,96,363,EX_ID32
EX_routine21,67,159,EX_ID98
EX_routine22,75,319,EX_ID12
EX_routine23,49,239,EX_ID90
EX_routine24,83,196,EX_ID70
EX_routine25,53,106,EX_ID94
EX_routine26,85,225,EX_ID44
EX_routine27,75,395,EX_ID16
EX_routine28,47,181,EX_ID34
EX_routine29,93,84,EX_ID15
EX_routine30,47,161,EX_ID44
EX_routine31,100,64,EX_ID62
EX_routine32,70,52,EX_ID21
EX_routine33,67,342,EX_ID11
EX_routine34,92,398,EX_ID21
EX_routine35,79,264,EX_ID34
EX_routine36,63,368,EX_ID28
EX_routine37,74,309,EX_ID119
EX_routine38,77,169,EX_ID88
EX_routine39,110,174,EX_ID85
EX_routine40,58,118,EX_ID60
EX_routine41,37,200,EX_ID58
EX_routine42,84,253,EX_ID37
EX_routine43,92,236,EX_ID76
EX_routine44,83,64,EX_ID68
EX_routine45,63,69,EX_ID15
EX_routine46,43,355,EX_ID66
EX_routine47,45,320,EX_ID91
EX_routine48,37,52,EX_ID39
EX_routine49,67,385,EX_ID32
EX_routine50,41,188,EX_ID37
EX_routine51,76,286,EX_ID3
EX_routine52,98,348,EX_ID120
EX_routine53,44,259,EX_ID32
EX_routine54,80,149,EX_ID96
EX_routine55,51,223,EX_ID52
EX_routine56,99,130,EX_ID76
EX_routine57,75,189,EX_ID44
EX_routine58,96,320,EX_ID29
EX_routine59,40,180,EX_ID48
EX_routine60,54,287,EX_ID101
EX_routine61,89,387,EX_ID55
EX_routine62,99,270,EX_ID83
EX_routine63,41,231,EX_ID90
EX_routine64,47,157,EX_ID19
EX_routine65,114,88,EX_ID94
EX_routine66,34,368,EX_ID51
EX_routine67,67,233,EX_ID62
EX_routine68,107,288,EX_ID29
EX_routine69,88,228,EX_ID98
EX_routine70,114,232,EX_ID3
EX_routine71,87,324,EX_ID98
EX_routine72,33,295,EX_ID52
EX_routine73,106,63,EX_ID78
EX_routine74,68,306,EX_ID99
EX_routine75,81,312,EX_ID87
EX_routine76,66,280,EX_ID36
EX_routine77,84,390,EX_ID98
EX_routine78,76,92,EX_ID113
EX_routine79,65,58,EX_ID71
EX_routine80,82,155,EX_ID103
EX_routine81,67,232,EX_ID88
EX_routine82,38,284,EX_ID46
EX_routine83,39,269,EX_ID105
EX_routine84,80,215,EX_ID30
EX_routine85,60,272,EX_ID29
EX_routine86,69,175,EX_ID62
EX_routine87,89,363,EX_ID68
EX_routine88,101,66,EX_ID39
EX_routine89,117,271,EX_ID105
EX_routine90,68,218,EX_ID99
EX_routine91,46,263,EX_ID107
EX_routine92,31,389,EX_ID96
EX_routine93,56,222,EX_ID53
EX_routine94,112,123,EX_ID86
EX_routine95,40,170,EX_ID34
EX_routine96,67,148,EX_ID103
EX_routine97,76,111,EX_ID8
EX_routine98,119,284,EX_ID8
EX_routine99,36,260,EX_ID8
EX_routine100,116,297,EX_ID12
EX_routine101,44,137,EX_ID6
EX_routine102,83,194,EX_ID104
EX_routine103,100,275,EX_ID39
EX_routine104,79,181,EX_ID5
EX_routine105,48,54,EX_ID67
EX_routine106,49,96,EX_ID72
EX_routine107,81,77,EX_ID53
EX_routine108,70,198,EX_ID96
EX_routine109,67,325,EX_ID120
EX_routine110,78,338,EX_ID99
EX_routine111,97,249,EX_ID50
EX_routine112,95,182,EX_ID103
EX_routine113,49,66,EX_ID70
EX_routine114,98,222,EX_ID103
EX_routine115,102,110,EX_ID118
EX_routine116,66,342,EX_ID49
EX_routine117,42,218,EX_ID9
EX_routine118,66,113,EX_ID55
EX_routine119,52,82,EX_ID23
EX_routine120,113,237,EX_ID117
EX_routine121,50,248,EX_ID21
EX_routine122,54,276,EX_ID15
EX_routine123,112,76,EX_ID70
EX_routine124,49,270,EX_ID117
EX_routine125,32,272,EX_ID39
EX_routine126,81,362,EX_ID24
EX_routine127,47,266,EX_ID70
EX_routine128,93,338,EX_ID116
EX_routine129,41,64,EX_ID93
EX_routine130,74,109,EX_ID44
EX_routine131,70,210,EX_ID73
EX_routine132,104,281,EX_ID10
EX_routine133,51,150,EX_ID107
EX_routine134,39,164,EX_ID28
EX_routine135,112,110,EX_ID29
EX_routine136,33,207,EX_ID29
EX_routine137,120,316,EX_ID108
EX_routine138,47,306,EX_ID92
EX_routine139,111,292,EX_ID31
EX_routine140,44,251,EX_ID33
EX_routine141,38,156,EX_ID19
EX_routine142,71,379,EX_ID46
EX_routine143,89,99,EX_ID97
EX_routine144,87,153,EX_ID21
EX_routine145,62,304,EX_ID98
EX_routine146,78,90,EX_ID110
EX_routine147,66,277,EX_ID44
EX_routine148,32,149,EX_ID40
EX_routine149,80,54,EX_ID2
EX_routine150,92,87,EX_ID63
EX_routine151,42,268,EX_ID0
EX_routine152,61,113,EX_ID15
EX_routine153,46,222,EX_ID91
EX_routine154,68,400,EX_ID62
EX_routine155,71,147,EX_ID60
EX_routine156,119,187,EX_ID99
EX_routine157,65,400,EX_ID96
EX_routine158,100,59,EX_ID42
EX_routine159,116,388,EX_ID36
EX_routine160,35,91,EX_ID87
EX_routine161,63,340,EX_ID2
EX_routine162,33,380,EX_ID63
EX_routine163,39,348,EX_ID70
EX_routine164,65,160,EX_ID68
EX_routine165,72,201,EX_ID85
EX_routine166,57,96,EX_ID67
EX_routine167,48,344,EX_ID47
EX_routine168,41,284,EX_ID1
EX_routine169,85,273,EX_ID66
EX_routine170,97,254,EX_ID15
EX_routine171,105,203,EX_ID47
EX_routine172,80,379,EX_ID9
EX_routine173,55,182,EX_ID47
EX_routine174,61,150,EX_ID42
EX_routine175,69,93,EX_ID36
EX_routine176,30,198,EX_ID79
EX_routine177,94,329,EX_ID117
EX_routine178,33,332,EX_ID33
EX_routine179,116,79,EX_ID58
EX_routine180,75,245,EX_ID51
EX_routine181,36,338,EX_ID66
EX_routine182,72,112,EX_ID38
EX_routine183,30,383,EX_ID88
EX_routine184,60,365,EX_ID94
EX_routine185,67,142,EX_ID105
EX_routine186,41,328,EX_ID63
EX_routine187,56,130,EX_ID11
EX_routine188,107,161,EX_ID72
EX_routine189,42,276,EX_ID64
EX_routine190,59,397,EX_ID44
EX_routine191,45,243,EX_ID114
EX_routine192,42,107,EX_ID68
EX_routine193,59,142,EX_ID115
EX_routine194,116,390,EX_ID75
EX_routine195,70,84,EX_ID48
EX_routine196,30,317,EX_ID104
EX_routine197,113,223,EX_ID114
EX_routine198,76,70,EX_ID43
EX_routine199,104,182,EX_ID112
