Email,Id
email.id.49@email.com,USR40
email.id.24@email.com,USR7
email.id.35@email.com,USR31
email.id.44@email.com,USR4
email.id.37@email.com,USR30
email.id.16@email.com,USR44
email.id.3@email.com,USR12
email.id.10@email.com,USR45
email.id.7@email.com,USR8
email.id.37@email.com,USR4
email.id.18@email.com,USR39
email.id.31@email.com,USR19
email.id.7@email.com,USR6
email.id.4@email.com,USR37
email.id.9@email.com,USR26
email.id.25@email.com,USR23
email.id.43@email.com,USR50
email.id.5@email.com,USR31
email.id.16@email.com,USR13
email.id.34@email.com,USR31
email.id.43@email.com,USR19
email.id.33@email.com,USR29
email.id.50@email.com,USR2
email.id.1@email.com,USR8
email.id.18@email.com,USR7
email.id.25@email.com,USR24
email.id.19@email.com,USR49
email.id.17@email.com,USR43
email.id.31@email.com,USR31
email.id.28@email.com,USR47
email.id.31@email.com,USR23
email.id.4@email.com,USR44
email.id.28@email.com,USR34
email.id.19@email.com,USR30
email.id.9@email.com,USR12
email.id.27@email.com,USR8
email.id.38@email.com,USR5
email.id.45@email.com,USR7
email.id.21@email.com,USR33
email.id.40@email.com,USR6
email.id.27@email.com,USR27
email.id.39@email.com,USR21
email.id.46@email.com,USR6
email.id.46@email.com,USR47
email.id.42@email.com,USR44
email.id.23@email.com,USR35
email.id.22@email.com,USR8
email.id.14@email.com,USR19
email.id.42@email.com,USR20
email.id.23@email.com,USR21
email.id.45@email.com,USR46
email.id.32@email.com,USR18
email.id.33@email.com,USR35
email.id.45@email.com,USR41
email.id.18@email.com,USR29
email.id.34@email.com,USR32
email.id.38@email.com,USR20
email.id.27@email.com,USR6
email.id.42@email.com,USR35
email.id.25@email.com,USR44
